{
  "mean": [
    0.3899836838245392,
    -0.6438270211219788,
    -0.6215388774871826,
    -0.3603791296482086,
    -0.6501308679580688,
    -0.7761102318763733,
    0.5593982934951782,
    -0.4407069981098175,
    -0.5289498567581177,
    -0.5650996565818787,
    -0.4468384087085724,
    -0.8714475035667419,
    0.6339150071144104,
    -0.28038233518600464,
    -1.1954156160354614,
    -0.6750263571739197,
    -0.2966453433036804,
    -1.5534796714782715,
    0.21941448748111725,
    -0.0012017701519653201,
    -0.0060407985001802444,
    -0.21941450238227844,
    0.001201770268380642,
    0.0060407985001802444,
    0.179792582988739,
    0.44465628266334534,
    -0.2315751612186432,
    -0.2552551031112671,
    0.42855900526046753,
    0.0681641697883606,
    -0.00028798929997719824,
    0.0005009385058656335,
    -0.0005898701492697,
    0.00031031217076815665,
    0.0005051125772297382,
    -0.00042630467214621603,
    -0.0006156563176773489,
    0.00037768922629766166,
    0.00013049379049334675,
    0.0006369493203237653,
    0.00032399274641647935,
    0.00019049148249905556,
    -0.0006365661974996328,
    0.00024103936448227614,
    0.0007974685286171734,
    0.000850055948831141,
    0.0002192119718529284,
    0.0012356366496533155,
    -0.00016494328156113625,
    -2.692722773645073e-06,
    9.592616834197543e-07,
    0.00016494348528794944,
    2.6922366487269755e-06,
    -9.592670267011272e-07,
    -0.00011837905913125724,
    -0.0003304708225186914,
    0.00025142417871393263,
    0.00020938539819326252,
    -0.00030558041180483997,
    7.90570629760623e-05,
    60.73261260986328,
    69.75160217285156,
    100.87205505371094,
    109.0223159790039,
    11.0426664352417,
    0.00830030720680952,
    -0.36344486474990845,
    -0.35348525643348694
  ],
  "scale": [
    0.09440021961927414,
    0.1429247111082077,
    0.2173002064228058,
    0.08968015760183334,
    0.14502502977848053,
    0.20889762043952942,
    0.19111932814121246,
    0.23034510016441345,
    0.47792741656303406,
    0.18919558823108673,
    0.23502013087272644,
    0.533661425113678,
    0.27818822860717773,
    0.4441402852535248,
    0.7666553258895874,
    0.358783483505249,
    0.46057555079460144,
    0.8170865178108215,
    0.050783202052116394,
    0.003220719052478671,
    0.0771041139960289,
    0.0507831946015358,
    0.0032207181211560965,
    0.0771041139960289,
    0.044278282672166824,
    0.11207784712314606,
    0.16984902322292328,
    0.07672221958637238,
    0.11175491660833359,
    0.1668270230293274,
    0.04482007399201393,
    0.07838121056556702,
    0.08703655004501343,
    0.04454312473535538,
    0.07883583754301071,
    0.09646090120077133,
    0.09322643280029297,
    0.07830693572759628,
    0.19990046322345734,
    0.1004413589835167,
    0.08108082413673401,
    0.1707460880279541,
    0.12376605719327927,
    0.08374383300542831,
    0.3813941478729248,
    0.1628507375717163,
    0.09256310760974884,
    0.29415908455848694,
    0.02516798861324787,
    0.0004980823141522706,
    0.00985079538077116,
    0.02516799047589302,
    0.000498081324622035,
    0.009850794449448586,
    0.02059871330857277,
    0.05074906349182129,
    0.05098925530910492,
    0.027138441801071167,
    0.052443843334913254,
    0.04903324320912361,
    54.17588424682617,
    50.40026092529297,
    39.328041076660156,
    32.55140686035156,
    6.926192760467529,
    0.006599579006433487,
    0.45324331521987915,
    0.4654189646244049
  ],
  "features_per_frame": 68
}